{"restV": [[0.0, 0.0, 1.0], [0.0, 1.0, 0.0], [0.0, 2.0, 1.0], [1.0, 0.0, 0.0], [1.0, 1.0, 1.0], [1.0, 2.0, 0.0], [2.0, 0.0, 1.0], [2.0, 1.0, 0.0], [2.0, 2.0, 1.0]], "initV": [[47.31483219641394, 89.61415472037065], [54.91606173675447, 22.39338458560266], [36.127134890107605, 78.18678796984551], [58.15511847117485, 69.16957246526574], [98.10724809709038, 76.75608873427801], [74.24130866031246, 30.705908943841255], [91.9395189899171, 6.23051659910513], [14.840127031121607, 4.7455114100671825], [50.35291701489738, 13.436004042944505]], "F": [[0, 1, 3], [1, 3, 4], [1, 2, 5], [1, 4, 5], [4, 5, 7], [5, 7, 8], [3, 4, 7], [3, 6, 7]], "handles": []}