{"restV": [[0.0, 0.0, 0.0], [0.0, 1.0, 0.0], [0.0, 2.0, 0.0], [1.0, 0.0, 1.0], [1.0, 1.0, 1.0], [1.0, 2.0, 1.0], [2.0, 0.0, 0.0], [2.0, 1.0, 0.0], [2.0, 2.0, 0.0], [3.0, 0.0, 1.0], [3.0, 1.0, 1.0], [3.0, 2.0, 1.0], [4.0, 0.0, 0.0], [4.0, 1.0, 0.0], [4.0, 2.0, 0.0]], "initV": [[1.5700924586837752e-16, -4.710277376051326e-16], [0.6080694195431045, 1.6322474773092759], [0.9164675222463396, 2.8252660062946577], [2.652195530430496, 1.6494420107824068], [2.3872956837212858, 2.7065216110014565], [2.114825314457579, 3.7601190923726495], [4.489977548973563, 3.2043944539273985], [4.0, 4.0], [3.7859030383911065, 5.052473988675861], [6.375895721967469, 4.797172849924127], [6.101739874292139, 5.826555070678133], [5.911141914598595, 6.9293129470084915], [7.713618459272437, 5.907997079097598], [8.146883258351764, 7.159069729249984], [8.999999999999998, 9.000000000000004]], "F": [[3, 4, 0], [0, 4, 1], [4, 5, 1], [5, 2, 1], [6, 4, 3], [6, 7, 4], [7, 5, 4], [7, 8, 5], [9, 10, 6], [6, 10, 7], [10, 11, 7], [11, 8, 7], [12, 10, 9], [12, 13, 10], [13, 11, 10], [13, 14, 11]], "handles": [0, 7, 4]}